time,acc,throughput
161.612816976,0.8128,670.1822279218192
323.22969719499997,0.9056,613.5996487238868
