time,acc,throughput
242.617740781,0.828,361.25929194789154
484.240100667,0.9061,518.6906027574466
