time,acc,throughput
242.58260016,0.8232,580.002072345934
405.193658889,0.8967,617.7457986270413
646.7815152640001,0.9249,652.6652218211913
